create database thanh;
use thanh;

-- MySQL dump 10.13  Distrib 8.0.33, for Win64 (x86_64)
--
-- Host: localhost    Database: orthodontic_case_management
-- ------------------------------------------------------
-- Server version	8.0.33

/*!40101 SET @OLD_CHARACTER_SET_CLIENT=@@CHARACTER_SET_CLIENT */;
/*!40101 SET @OLD_CHARACTER_SET_RESULTS=@@CHARACTER_SET_RESULTS */;
/*!40101 SET @OLD_COLLATION_CONNECTION=@@COLLATION_CONNECTION */;
/*!50503 SET NAMES utf8 */;
/*!40103 SET @OLD_TIME_ZONE=@@TIME_ZONE */;
/*!40103 SET TIME_ZONE='+00:00' */;
/*!40014 SET @OLD_UNIQUE_CHECKS=@@UNIQUE_CHECKS, UNIQUE_CHECKS=0 */;
/*!40014 SET @OLD_FOREIGN_KEY_CHECKS=@@FOREIGN_KEY_CHECKS, FOREIGN_KEY_CHECKS=0 */;
/*!40101 SET @OLD_SQL_MODE=@@SQL_MODE, SQL_MODE='NO_AUTO_VALUE_ON_ZERO' */;
/*!40111 SET @OLD_SQL_NOTES=@@SQL_NOTES, SQL_NOTES=0 */;

--
-- Table structure for table `admin`
--

DROP TABLE IF EXISTS `admin`;
/*!40101 SET @saved_cs_client     = @@character_set_client */;
/*!50503 SET character_set_client = utf8mb4 */;
CREATE TABLE `admin` (
  `Id` varchar(50) NOT NULL,
  `username` varchar(100) DEFAULT NULL,
  `fullname` varchar(100) DEFAULT NULL,
  `password` varchar(100) DEFAULT NULL,
  `roles` varchar(50) DEFAULT NULL,
  `status` bit(1) DEFAULT NULL,
  PRIMARY KEY (`Id`)
) ENGINE=InnoDB DEFAULT CHARSET=utf8mb4 COLLATE=utf8mb4_0900_ai_ci;
/*!40101 SET character_set_client = @saved_cs_client */;

--
-- Dumping data for table `admin`
--

LOCK TABLES `admin` WRITE;
/*!40000 ALTER TABLE `admin` DISABLE KEYS */;
INSERT INTO `admin` VALUES ('ADMIN','Hoang','Hoang A','$2a$10$VlmGlyTat8qcCpnPwIebJeWQsLACrGjwiJd6.BAQP4HdcI9IOmD92','ROLE_ADMIN',_binary ''),('US1','Lam','Lam A','$2a$10$1cTdbLUlFsKMY6/OuhcTiuixaSQL6wHUTw4ZhOprq/zNAK5lprCR6','ROLE_MEMBER',_binary ''),('US2','Huy','Huy A','$2a$10$5oL6CGBTbVuyJaQ4o3Fek.BIfjBIbBnfGZhYCDbVC2R24F85fyjRq','ROLE_MEMBER',_binary ''),('US3','The','The A','$2a$10$H.CRTfrfhdCtmA7TCPapc.9Sg6rVFampyrD2CKvYa1TyOjMZanVLu','ROLE_CUSTOMER',_binary '');
/*!40000 ALTER TABLE `admin` ENABLE KEYS */;
UNLOCK TABLES;

--
-- Table structure for table `image`
--

DROP TABLE IF EXISTS `image`;
/*!40101 SET @saved_cs_client     = @@character_set_client */;
/*!50503 SET character_set_client = utf8mb4 */;
CREATE TABLE `image` (
  `id` int NOT NULL AUTO_INCREMENT,
  `name` varchar(200) DEFAULT NULL,
  `id_medical` int DEFAULT NULL,
  `id_header` int DEFAULT NULL,
  `Status` bit(1) DEFAULT b'1',
  `Created_at` datetime DEFAULT CURRENT_TIMESTAMP,
  PRIMARY KEY (`id`),
  KEY `id_header` (`id_header`),
  KEY `id_medical` (`id_medical`),
  CONSTRAINT `image_ibfk_1` FOREIGN KEY (`id_header`) REFERENCES `information_header` (`id`),
  CONSTRAINT `image_ibfk_2` FOREIGN KEY (`id_medical`) REFERENCES `medical` (`id`)
) ENGINE=InnoDB AUTO_INCREMENT=8 DEFAULT CHARSET=utf8mb4 COLLATE=utf8mb4_0900_ai_ci;
/*!40101 SET character_set_client = @saved_cs_client */;

--
-- Dumping data for table `image`
--

LOCK TABLES `image` WRITE;
/*!40000 ALTER TABLE `image` DISABLE KEYS */;
INSERT INTO `image` VALUES (1,'mặt thẳng BN1.png',1,11,_binary '','2023-08-06 00:00:00'),(2,'môi BN1.png',1,7,_binary '','2023-08-06 00:00:00'),(3,'nụ cười BN1',1,6,_binary '','2023-08-06 00:00:00'),(4,'cằm BN1.png',1,8,_binary '','2023-08-06 00:00:00'),(5,'răng BN1.png',1,9,_binary '','2023-08-06 00:00:00'),(6,'hàm trên BN1.png',1,4,_binary '','2023-08-06 00:00:00'),(7,'hàm dưới BN1.png',1,5,_binary '','2023-08-06 00:00:00');
/*!40000 ALTER TABLE `image` ENABLE KEYS */;
UNLOCK TABLES;

--
-- Table structure for table `information_detail`
--

DROP TABLE IF EXISTS `information_detail`;
/*!40101 SET @saved_cs_client     = @@character_set_client */;
/*!50503 SET character_set_client = utf8mb4 */;
CREATE TABLE `information_detail` (
  `id` int NOT NULL AUTO_INCREMENT,
  `name` varchar(200) DEFAULT NULL,
  `id_header` int DEFAULT NULL,
  `parent_id` int DEFAULT NULL,
  `status` bit(1) DEFAULT b'1',
  `created_at` datetime DEFAULT CURRENT_TIMESTAMP,
  PRIMARY KEY (`id`),
  KEY `id_header` (`id_header`),
  CONSTRAINT `information_detail_ibfk_1` FOREIGN KEY (`id_header`) REFERENCES `information_header` (`id`)
) ENGINE=InnoDB AUTO_INCREMENT=710 DEFAULT CHARSET=utf8mb4 COLLATE=utf8mb4_0900_ai_ci;
/*!40101 SET character_set_client = @saved_cs_client */;

--
-- Dumping data for table `information_detail`
--

LOCK TABLES `information_detail` WRITE;
/*!40000 ALTER TABLE `information_detail` DISABLE KEYS */;
INSERT INTO `information_detail` VALUES (1,'hen suyễn',1,NULL,_binary '','2023-08-06 00:00:00'),(2,'không hen suyễn',NULL,1,_binary '','2023-08-06 00:00:00'),(3,'có hen suyễn',NULL,1,_binary '','2023-08-06 00:00:00'),(4,'tim mạch',1,NULL,_binary '','2023-08-06 00:00:00'),(5,'bệnh tim mạch',NULL,4,_binary '','2023-08-06 00:00:00'),(6,'không bị bệnh tim mạch',NULL,4,_binary '','2023-08-06 00:00:00'),(7,'dị ứng',1,NULL,_binary '','2023-08-06 00:00:00'),(8,'không dị ứng',NULL,7,_binary '','2023-08-06 00:00:00'),(9,'có dị ứng',NULL,7,_binary '','2023-08-06 00:00:00'),(10,'khô miệng',1,NULL,_binary '','2023-08-06 00:00:00'),(11,'bệnh khô miệng',NULL,10,_binary '','2023-08-06 00:00:00'),(12,'không bị khô miệng',NULL,10,_binary '','2023-08-06 00:00:00'),(13,'đông máu',1,NULL,_binary '','2023-08-06 00:00:00'),(14,'rối loạn đông máy',NULL,13,_binary '','2023-08-06 00:00:00'),(15,'không bị rối loạn đông máu',NULL,13,_binary '','2023-08-06 00:00:00'),(16,'chấn thương hàm mặt',1,NULL,_binary '','2023-08-06 00:00:00'),(17,'không bị chấn thương hàm mặt',NULL,16,_binary '','2023-08-06 00:00:00'),(18,'có bị chấn thương hàm mặt',NULL,16,_binary '','2023-08-06 00:00:00'),(19,'động kinh',1,NULL,_binary '','2023-08-06 00:00:00'),(20,'có bị động kinh',NULL,19,_binary '','2023-08-06 00:00:00'),(21,'không bị động kinh',NULL,19,_binary '','2023-08-06 00:00:00'),(22,'phẫu thuật',1,NULL,_binary '','2023-08-06 00:00:00'),(23,'chưa từng phẫu thuật',NULL,22,_binary '','2023-08-06 00:00:00'),(24,'đã từng phẫu thuật',NULL,22,_binary '','2023-08-06 00:00:00'),(25,'huyết áp',1,NULL,_binary '','2023-08-06 00:00:00'),(26,'cao huyết',NULL,25,_binary '','2023-08-06 00:00:00'),(27,'không cao huyết',NULL,25,_binary '','2023-08-06 00:00:00'),(28,'chỉnh nha',1,NULL,_binary '','2023-08-06 00:00:00'),(29,'đã chỉnh nha',NULL,28,_binary '','2023-08-06 00:00:00'),(30,'chưa từng chỉnh nha',NULL,28,_binary '','2023-08-06 00:00:00'),(31,'viêm khớp',1,NULL,_binary '','2023-08-06 00:00:00'),(32,'viêm khớp dạng thấp',NULL,31,_binary '','2023-08-06 00:00:00'),(33,'không viêm khớp',NULL,31,_binary '','2023-08-06 00:00:00'),(34,'thuốc đang dùng',1,NULL,_binary '','2023-08-06 00:00:00'),(35,'hiện không dùng thuốc nào cả',NULL,34,_binary '','2023-08-06 00:00:00'),(36,'đang dùng thuốc',NULL,34,_binary '','2023-08-06 00:00:00'),(37,'tiền sử khác',1,NULL,_binary '','2023-08-06 00:00:00'),(38,'hô',3,NULL,_binary '','2023-08-06 00:00:00'),(39,'không hô',NULL,38,_binary '','2023-08-06 00:00:00'),(40,'hô ít',NULL,38,_binary '','2023-08-06 00:00:00'),(41,'hô vừa',NULL,38,_binary '','2023-08-06 00:00:00'),(42,'hô nhiều',NULL,38,_binary '','2023-08-06 00:00:00'),(43,'mặt lệch',3,NULL,_binary '','2023-08-06 00:00:00'),(44,'mặt lệch trái',NULL,43,_binary '','2023-08-06 00:00:00'),(45,'mặt lệch phải',NULL,43,_binary '','2023-08-06 00:00:00'),(46,'không lệch',NULL,43,_binary '','2023-08-06 00:00:00'),(47,'mức độ ít',NULL,44,_binary '','2023-08-06 00:00:00'),(48,'mức độ nhiều',NULL,44,_binary '','2023-08-06 00:00:00'),(49,'mức độ ít',NULL,45,_binary '','2023-08-06 00:00:00'),(50,'mức độ nhiều',NULL,45,_binary '','2023-08-06 00:00:00'),(51,'răng',3,NULL,_binary '','2023-08-06 00:00:00'),(52,'chen chúc',NULL,51,_binary '','2023-08-06 00:00:00'),(53,'thưa',NULL,51,_binary '','2023-08-06 00:00:00'),(54,'không',NULL,51,_binary '','2023-08-06 00:00:00'),(55,'cười hở lợi',3,NULL,_binary '','2023-08-06 00:00:00'),(56,'ít',NULL,55,_binary '','2023-08-06 00:00:00'),(57,'trung bình',NULL,55,_binary '','2023-08-06 00:00:00'),(58,'nhiều',NULL,55,_binary '','2023-08-06 00:00:00'),(59,'không',NULL,55,_binary '','2023-08-06 00:00:00'),(60,'ăn nhai',3,NULL,_binary '','2023-08-06 00:00:00'),(61,'bình thường',NULL,60,_binary '','2023-08-06 00:00:00'),(62,'khó',NULL,60,_binary '','2023-08-06 00:00:00'),(63,'mỏi ',NULL,60,_binary '','2023-08-06 00:00:00'),(64,'đau',NULL,60,_binary '','2023-08-06 00:00:00'),(65,'than phiền khác',3,NULL,_binary '','2023-08-06 00:00:00'),(66,'mút ngón tay',2,NULL,_binary '','2023-08-06 00:00:00'),(67,'có mút ngón tay',NULL,66,_binary '','2023-08-06 00:00:00'),(68,'không mút ngón tay',NULL,66,_binary '','2023-08-06 00:00:00'),(69,'đẩy lưỡi',2,NULL,_binary '','2023-08-06 00:00:00'),(70,'có đẩy lưỡi',NULL,69,_binary '','2023-08-06 00:00:00'),(71,'không đẩy lưỡi',NULL,69,_binary '','2023-08-06 00:00:00'),(72,'thở miệng',2,NULL,_binary '','2023-08-06 00:00:00'),(73,'có thở miệng',NULL,72,_binary '','2023-08-06 00:00:00'),(74,'không thở miệng',NULL,72,_binary '','2023-08-06 00:00:00'),(75,'nghiến răng',2,NULL,_binary '','2023-08-06 00:00:00'),(76,'có nghiến răng',NULL,75,_binary '','2023-08-06 00:00:00'),(77,'không nghiến răng',NULL,75,_binary '','2023-08-06 00:00:00'),(78,'mặt',11,NULL,_binary '','2023-08-06 00:00:00'),(79,'mặt ngắn',NULL,78,_binary '','2023-08-06 00:00:00'),(80,'mặt dài',NULL,78,_binary '','2023-08-06 00:00:00'),(81,'mặt TB',NULL,78,_binary '','2023-08-06 00:00:00'),(82,'hình',11,NULL,_binary '','2023-08-06 00:00:00'),(83,'bầu dục',NULL,82,_binary '','2023-08-06 00:00:00'),(84,'vuông',NULL,82,_binary '','2023-08-06 00:00:00'),(85,'tam giác',NULL,82,_binary '','2023-08-06 00:00:00'),(86,'cân xứng hai bên',11,NULL,_binary '','2023-08-06 00:00:00'),(87,'cân xứng hai bên',NULL,86,_binary '','2023-08-06 00:00:00'),(88,'bất cân xứng hai bên',NULL,86,_binary '','2023-08-06 00:00:00'),(89,'cân xứng 5 phần mặt',11,NULL,_binary '','2023-08-06 00:00:00'),(90,'cân xứng 5 phần mặt',NULL,89,_binary '','2023-08-06 00:00:00'),(91,'bất cân xứng 5 phần mặt',NULL,89,_binary '','2023-08-06 00:00:00'),(92,'hài hòa 3 tầng mặt',11,NULL,_binary '','2023-08-06 00:00:00'),(93,'hài hòa 3 tầng mặt',NULL,92,_binary '','2023-08-06 00:00:00'),(94,'bất hài hòa 3 tầng mặt',NULL,92,_binary '','2023-08-06 00:00:00'),(95,'hài hòa nội bộ tầng mặt dưới',11,NULL,_binary '','2023-08-06 00:00:00'),(96,'hài hòa nội bộ tầng mặt dưới',NULL,95,_binary '','2023-08-06 00:00:00'),(97,'bất hài hòa nội bộ tầng mặt dưới',NULL,95,_binary '','2023-08-06 00:00:00'),(98,'gò má',11,NULL,_binary '','2023-08-06 00:00:00'),(99,'gò má trung bình',NULL,98,_binary '','2023-08-06 00:00:00'),(100,'gò má rộng',NULL,98,_binary '','2023-08-06 00:00:00'),(101,'gò má hẹp',NULL,98,_binary '','2023-08-06 00:00:00'),(102,'mặt(lồi,lõm,thẳng)',12,NULL,_binary '','2023-08-06 00:00:00'),(103,'mặt lồi',NULL,102,_binary '','2023-08-06 00:00:00'),(104,'mặt lõm',NULL,102,_binary '','2023-08-06 00:00:00'),(105,'mặt thẳng',NULL,102,_binary '','2023-08-06 00:00:00'),(106,'mũi',12,NULL,_binary '','2023-08-06 00:00:00'),(107,'mũi hếch',NULL,106,_binary '','2023-08-06 00:00:00'),(108,'mũi thẳng',NULL,106,_binary '','2023-08-06 00:00:00'),(109,'mũi quặp',NULL,106,_binary '','2023-08-06 00:00:00'),(110,'trán',12,NULL,_binary '','2023-08-06 00:00:00'),(111,'trán thẳng',NULL,110,_binary '','2023-08-06 00:00:00'),(112,'trán bợt',NULL,110,_binary '','2023-08-06 00:00:00'),(113,'trán nhô',NULL,110,_binary '','2023-08-06 00:00:00'),(114,'gò má',12,NULL,_binary '','2023-08-06 00:00:00'),(115,'gò má thấp',NULL,114,_binary '','2023-08-06 00:00:00'),(116,'gò má TB',NULL,114,_binary '','2023-08-06 00:00:00'),(117,'gò má cao',NULL,114,_binary '','2023-08-06 00:00:00'),(118,'bờ hàm dưới',12,NULL,_binary '','2023-08-06 00:00:00'),(119,'bờ hàm dưới dốc',NULL,118,_binary '','2023-08-06 00:00:00'),(120,'bờ hàm dưới phẳng',NULL,118,_binary '','2023-08-06 00:00:00'),(121,'bờ hàm dưới trung bình',NULL,118,_binary '','2023-08-06 00:00:00'),(122,'miệng ngậm',12,NULL,_binary '','2023-08-06 00:00:00'),(123,'miệng ngậm không kín căng',NULL,122,_binary '','2023-08-06 00:00:00'),(124,'miệng ngậm kín không căng',NULL,122,_binary '','2023-08-06 00:00:00'),(125,'miệng ngậm kín căng',NULL,122,_binary '','2023-08-06 00:00:00'),(126,'miệng ngậm không kín',NULL,122,_binary '','2023-08-06 00:00:00'),(127,'dạng môi',7,NULL,_binary '','2023-08-06 00:00:00'),(128,'dạng môi thẳng',NULL,127,_binary '','2023-08-06 00:00:00'),(129,'dạng môi cong lồi',NULL,127,_binary '','2023-08-06 00:00:00'),(130,'dạng môi cong lõm',NULL,127,_binary '','2023-08-06 00:00:00'),(131,'nhân trung',7,NULL,_binary '','2023-08-06 00:00:00'),(132,'nhân trung thẳng',NULL,131,_binary '','2023-08-06 00:00:00'),(133,'nhân trung lệch trái',NULL,131,_binary '','2023-08-06 00:00:00'),(134,'nhân trung lệch phải',NULL,131,_binary '','2023-08-06 00:00:00'),(135,'môi đỏ',7,NULL,_binary '','2023-08-06 00:00:00'),(136,'môi đỏ dày',NULL,135,_binary '','2023-08-06 00:00:00'),(137,'môi đỏ mỏng',NULL,135,_binary '','2023-08-06 00:00:00'),(138,'môi đỏ dày TB',NULL,135,_binary '','2023-08-06 00:00:00'),(139,'màu môi',7,NULL,_binary '','2023-08-06 00:00:00'),(140,'màu môi tươi',NULL,139,_binary '','2023-08-06 00:00:00'),(141,'màu môi sậm',NULL,139,_binary '','2023-08-06 00:00:00'),(142,'màu môi nhạt',NULL,139,_binary '','2023-08-06 00:00:00'),(143,'viền môi',7,NULL,_binary '','2023-08-06 00:00:00'),(144,'viền môi rõ',NULL,143,_binary '','2023-08-06 00:00:00'),(145,'viền môi mờ',NULL,143,_binary '','2023-08-06 00:00:00'),(149,'môi',7,NULL,_binary '','2023-08-06 00:00:00'),(150,'môi khô',NULL,149,_binary '','2023-08-06 00:00:00'),(151,'môi không khô',NULL,149,_binary '','2023-08-06 00:00:00'),(152,'đường cười',6,NULL,_binary '','2023-08-06 00:00:00'),(153,'đường cười thấp',NULL,152,_binary '','2023-08-06 00:00:00'),(154,'đường cười cao',NULL,152,_binary '','2023-08-06 00:00:00'),(156,'cân xứng',NULL,153,_binary '','2023-08-06 00:00:00'),(157,'bất cân xứng',NULL,153,_binary '','2023-08-06 00:00:00'),(158,'hở lợi',6,NULL,_binary '','2023-08-06 00:00:00'),(159,'cung cười',6,NULL,_binary '','2023-08-06 00:00:00'),(160,'cung cười phẳng',NULL,159,_binary '','2023-08-06 00:00:00'),(161,'cung cười đẹp',NULL,159,_binary '','2023-08-06 00:00:00'),(162,'cung cười sâu',NULL,159,_binary '','2023-08-06 00:00:00'),(163,'môi trên',6,NULL,_binary '','2023-08-06 00:00:00'),(164,'môi trên cong lõm',NULL,163,_binary '','2023-08-06 00:00:00'),(165,'môi trên thẳng',NULL,163,_binary '','2023-08-06 00:00:00'),(166,'môi trên cong lồi',NULL,163,_binary '','2023-08-06 00:00:00'),(167,'bờ môi dưới',6,NULL,_binary '','2023-08-06 00:00:00'),(168,'bờ môi dưới cân xứng',NULL,167,_binary '','2023-08-06 00:00:00'),(169,'bờ môi dưới bất cân xứng',NULL,167,_binary '','2023-08-06 00:00:00'),(170,'tam giác đen',6,NULL,_binary '','2023-08-06 00:00:00'),(171,'tam giác đen cân xứng',NULL,170,_binary '','2023-08-06 00:00:00'),(172,'tam giác đen bất cân xứng',NULL,170,_binary '','2023-08-06 00:00:00'),(174,'rộng',NULL,171,_binary '','2023-08-06 00:00:00'),(175,'hẹp',NULL,171,_binary '','2023-08-06 00:00:00'),(176,'trung bình',NULL,171,_binary '','2023-08-06 00:00:00'),(177,'đường cười trung bình',NULL,152,_binary '','2023-08-06 00:00:00'),(178,'đường nối khóe miệng không lệch',NULL,240,_binary '','2023-08-06 00:00:00'),(179,'đường nối khóe miệng lệch',NULL,240,_binary '','2023-08-06 00:00:00'),(180,'môi(môi và cằm)',7,NULL,_binary '','2023-08-06 00:00:00'),(181,'môi thẳng',NULL,180,_binary '','2023-08-06 00:00:00'),(182,'môi vểnh',NULL,180,_binary '','2023-08-06 00:00:00'),(183,'môi cụp',NULL,180,_binary '','2023-08-06 00:00:00'),(184,'độ nhô môi',7,NULL,_binary '','2023-08-06 00:00:00'),(185,'trung bình',NULL,184,_binary '','2023-08-06 00:00:00'),(186,'lép',NULL,184,_binary '','2023-08-06 00:00:00'),(187,'hô ít',NULL,184,_binary '','2023-08-06 00:00:00'),(188,'hô nhiều',NULL,184,_binary '','2023-08-06 00:00:00'),(189,'độ dài môi',7,NULL,_binary '','2023-08-06 00:00:00'),(190,'dài',NULL,189,_binary '','2023-08-06 00:00:00'),(191,'ngắn',NULL,189,_binary '','2023-08-06 00:00:00'),(192,'trung bình',NULL,189,_binary '','2023-08-06 00:00:00'),(193,'độ dày môi',7,NULL,_binary '','2023-08-06 00:00:00'),(194,'dày',NULL,193,_binary '','2023-08-06 00:00:00'),(195,'mỏng',NULL,193,_binary '','2023-08-06 00:00:00'),(196,'trung bình',NULL,193,_binary '','2023-08-06 00:00:00'),(197,'trương lực cơ môi',7,NULL,_binary '','2023-08-06 00:00:00'),(198,'trương lực cơ môi yếu',NULL,197,_binary '','2023-08-06 00:00:00'),(199,'trương lực cơ môi trung bình',NULL,197,_binary '','2023-08-06 00:00:00'),(200,'cường cơ mút',NULL,197,_binary '','2023-08-06 00:00:00'),(201,'cằm',8,NULL,_binary '','2023-08-06 00:00:00'),(202,'lệch trái',NULL,201,_binary '','2023-08-06 00:00:00'),(203,'lệch phải',NULL,201,_binary '','2023-08-06 00:00:00'),(204,'cằm thẳng',NULL,201,_binary '','2023-08-06 00:00:00'),(205,'kích thước ngang',8,NULL,_binary '','2023-08-06 00:00:00'),(206,'lớn',NULL,205,_binary '','2023-08-06 00:00:00'),(207,'nhỏ',NULL,205,_binary '','2023-08-06 00:00:00'),(208,'trung bình',NULL,205,_binary '','2023-08-06 00:00:00'),(209,'cằm(độ dài)',8,NULL,_binary '','2023-08-06 00:00:00'),(210,'độ dài TB',NULL,209,_binary '','2023-08-06 00:00:00'),(211,'cằm dài',NULL,209,_binary '','2023-08-06 00:00:00'),(212,'cằm ngắn',NULL,209,_binary '','2023-08-06 00:00:00'),(213,'hình thái',8,NULL,_binary '','2023-08-06 00:00:00'),(214,'nhô',NULL,213,_binary '','2023-08-06 00:00:00'),(215,'lẹm',NULL,213,_binary '','2023-08-06 00:00:00'),(216,'bt',NULL,213,_binary '','2023-08-06 00:00:00'),(217,'độ nhô cằm',8,NULL,_binary '','2023-08-06 00:00:00'),(218,'đẩy',NULL,217,_binary '','2023-08-06 00:00:00'),(219,'lùi',NULL,217,_binary '','2023-08-06 00:00:00'),(220,'trung bình',NULL,217,_binary '','2023-08-06 00:00:00'),(221,'lõm cằm',8,NULL,_binary '','2023-08-06 00:00:00'),(222,'lõm cằm mờ',NULL,221,_binary '','2023-08-06 00:00:00'),(223,'lõm cằm sâu',NULL,221,_binary '','2023-08-06 00:00:00'),(224,'lõm cằm rõ',NULL,221,_binary '','2023-08-06 00:00:00'),(225,'răng dạng',9,NULL,_binary '','2023-08-06 00:00:00'),(226,'răng dạng vuông',NULL,225,_binary '','2023-08-06 00:00:00'),(227,'răng dạng oval',NULL,225,_binary '','2023-08-06 00:00:00'),(228,'răng dạng tam giác',NULL,225,_binary '','2023-08-06 00:00:00'),(229,'KT răng',9,NULL,_binary '','2023-08-06 00:00:00'),(230,'KT răng trung bình',NULL,229,_binary '','2023-08-06 00:00:00'),(231,'KT răng nhỏ',NULL,229,_binary '','2023-08-06 00:00:00'),(232,'KT răng lớn ',NULL,230,_binary '','2023-08-06 00:00:00'),(233,'độ dài răng',9,NULL,_binary '','2023-08-06 00:00:00'),(234,'chiều cao răng TB',NULL,233,_binary '','2023-08-06 00:00:00'),(235,'thân răng ngắn',NULL,233,_binary '','2023-08-06 00:00:00'),(236,'thân răng dài',NULL,233,_binary '','2023-08-06 00:00:00'),(237,'hình thái',9,NULL,_binary '','2023-08-06 00:00:00'),(238,'hình thái bình thường',NULL,237,_binary '','2023-08-06 00:00:00'),(239,'hình thái bất thường',NULL,237,_binary '','2023-08-06 00:00:00'),(240,'đường nối khóe miệng',7,NULL,_binary '','2023-08-06 00:00:00'),(241,'độ dày niêm mạc sừng hóa',10,NULL,_binary '','2023-08-06 00:00:00'),(242,'dày',NULL,240,_binary '','2023-08-06 00:00:00'),(243,'mỏng',NULL,240,_binary '','2023-08-06 00:00:00'),(244,'trung bình',NULL,240,_binary '','2023-08-06 00:00:00'),(245,'độ rộng niêm mạc sừng hóa',10,NULL,_binary '','2023-08-06 00:00:00'),(246,'thiếu',NULL,245,_binary '','2023-08-06 00:00:00'),(247,'đủ',NULL,245,_binary '','2023-08-06 00:00:00'),(248,'viêm lợi',10,NULL,_binary '','2023-08-06 00:00:00'),(249,'không viêm lợi',NULL,248,_binary '','2023-08-06 00:00:00'),(250,'vệ sinh',10,NULL,_binary '','2023-08-06 00:00:00'),(251,'vệ sinh tốt',NULL,250,_binary '','2023-08-06 00:00:00'),(252,'vệ sinh chưa tốt',NULL,250,_binary '','2023-08-06 00:00:00'),(253,'tam giác đen',10,NULL,_binary '','2023-08-06 00:00:00'),(254,'có tam giác đen ở',NULL,253,_binary '','2023-08-06 00:00:00'),(255,'không có tam giác đen',NULL,253,_binary '','2023-08-06 00:00:00'),(256,'tụt lợi',10,NULL,_binary '','2023-08-06 00:00:00'),(257,'có tụt lợi',NULL,256,_binary '','2023-08-06 00:00:00'),(258,'không tụt lợi',NULL,256,_binary '','2023-08-06 00:00:00'),(259,'lồi xương',10,NULL,_binary '','2023-08-06 00:00:00'),(260,'có lồi xương',NULL,259,_binary '','2023-08-06 00:00:00'),(261,'không lồi xương',NULL,259,_binary '','2023-08-06 00:00:00'),(262,'phanh môi bám',10,NULL,_binary '','2023-08-06 00:00:00'),(263,'phanh môi bám thấp',NULL,262,_binary '','2023-08-06 00:00:00'),(264,'phanh môi bám không thấp',NULL,262,_binary '','2023-08-06 00:00:00'),(266,'dày',NULL,263,_binary '','2023-08-06 00:00:00'),(267,'không dày',NULL,263,_binary '','2023-08-06 00:00:00'),(271,'phanh lưỡi',10,NULL,_binary '','2023-08-06 00:00:00'),(272,'phanh lưỡi ngắn',NULL,271,_binary '','2023-08-06 00:00:00'),(273,'phanh lưỡi không ngắn',NULL,271,_binary '','2023-08-06 00:00:00'),(274,'dạng(hàm trên)',4,NULL,_binary '','2023-08-06 00:00:00'),(275,'dạng oval',NULL,274,_binary '','2023-08-06 00:00:00'),(276,'dạng chữ V',NULL,274,_binary '','2023-08-06 00:00:00'),(277,'dạng vuông',NULL,274,_binary '','2023-08-06 00:00:00'),(278,'cân xứng(hàm trên)',4,NULL,_binary '','2023-08-06 00:00:00'),(279,'cân xứng',NULL,278,_binary '','2023-08-06 00:00:00'),(280,'bất cân xứng',NULL,278,_binary '','2023-08-06 00:00:00'),(281,'độ(rộng,hẹp)',4,NULL,_binary '','2023-08-06 00:00:00'),(282,'hẹp 2 bên',NULL,281,_binary '','2023-08-06 00:00:00'),(283,'hẹp bên trái',NULL,281,_binary '','2023-08-06 00:00:00'),(284,'hẹp bên phải',NULL,281,_binary '','2023-08-06 00:00:00'),(285,'rộng bên trái',NULL,281,_binary '','2023-08-06 00:00:00'),(286,'rộng bên phải',NULL,281,_binary '','2023-08-06 00:00:00'),(287,'kích thước tb',NULL,281,_binary '','2023-08-06 00:00:00'),(288,'khẩu cái',4,NULL,_binary '','2023-08-06 00:00:00'),(289,'khẩu cái sâu',NULL,288,_binary '','2023-08-06 00:00:00'),(290,'khẩu cái nông',NULL,288,_binary '','2023-08-06 00:00:00'),(291,'khẩu cái tb',NULL,288,_binary '','2023-08-06 00:00:00'),(292,'đều',NULL,136,_binary '','2023-08-06 00:00:00'),(293,'không đều',NULL,136,_binary '','2023-08-06 00:00:00'),(294,'đều',NULL,137,_binary '','2023-08-06 00:00:00'),(295,'không đều',NULL,137,_binary '','2023-08-06 00:00:00'),(296,'đều',NULL,138,_binary '','2023-08-06 00:00:00'),(297,'không đều',NULL,138,_binary '','2023-08-06 00:00:00'),(298,'cân xứng',NULL,177,_binary '','2023-08-06 00:00:00'),(299,'bất cân xứng',NULL,177,_binary '','2023-08-06 00:00:00'),(300,'cân xứng',NULL,154,_binary '','2023-08-06 00:00:00'),(301,'bất cân xứng',NULL,154,_binary '','2023-08-06 00:00:00'),(302,'cân xứng',NULL,160,_binary '','2023-08-06 00:00:00'),(303,'bất cân xứng',NULL,160,_binary '','2023-08-06 00:00:00'),(304,'cân xứng',NULL,161,_binary '','2023-08-06 00:00:00'),(305,'bất cân xứng',NULL,161,_binary '','2023-08-06 00:00:00'),(306,'cân xứng',NULL,162,_binary '','2023-08-06 00:00:00'),(307,'bất cân xứng',NULL,162,_binary '','2023-08-06 00:00:00'),(308,'rộng',NULL,172,_binary '','2023-08-06 00:00:00'),(309,'hẹp',NULL,172,_binary '','2023-08-06 00:00:00'),(310,'trung bình',NULL,172,_binary '','2023-08-06 00:00:00'),(311,'viêm lợi ở:',NULL,248,_binary '','2023-08-06 00:00:00'),(312,'không dày',NULL,264,_binary '','2023-08-06 00:00:00'),(313,'ngắn',NULL,266,_binary '','2023-08-06 00:00:00'),(314,'không ngắn',NULL,266,_binary '','2023-08-06 00:00:00'),(315,'ngắn',NULL,267,_binary '','2023-08-06 00:00:00'),(316,'không ngắn',NULL,267,_binary '','2023-08-06 00:00:00'),(317,'ngắn',NULL,321,_binary '','2023-08-06 00:00:00'),(318,'không ngắn',NULL,321,_binary '','2023-08-06 00:00:00'),(319,'ngắn',NULL,312,_binary '','2023-08-06 00:00:00'),(320,'không ngắn',NULL,312,_binary '','2023-08-06 00:00:00'),(321,'dày',NULL,264,_binary '','2023-08-06 00:00:00'),(322,'bộ răng',4,NULL,_binary '','2023-08-06 00:00:00'),(323,'bộ răng vĩnh viễn',NULL,322,_binary '','2023-08-06 00:00:00'),(324,'bộ răng sữa',NULL,322,_binary '','2023-08-06 00:00:00'),(325,'bộ răng hỗn hợp',NULL,322,_binary '','2023-08-06 00:00:00'),(326,'răng cửa(hàm trên)',4,NULL,_binary '','2023-08-06 00:00:00'),(327,'chen chúc',NULL,326,_binary '','2023-08-06 00:00:00'),(328,'thưa',NULL,326,_binary '','2023-08-06 00:00:00'),(329,'đều',NULL,326,_binary '','2023-08-06 00:00:00'),(330,'R cối nhỏ T',4,NULL,_binary '','2023-08-06 00:00:00'),(331,'chen chúc',NULL,330,_binary '','2023-08-06 00:00:00'),(332,'thưa',NULL,330,_binary '','2023-08-06 00:00:00'),(333,'đều',NULL,330,_binary '','2023-08-06 00:00:00'),(334,'R cối lớn T',4,NULL,_binary '','2023-08-06 00:00:00'),(335,'chen chúc',NULL,334,_binary '','2023-08-06 00:00:00'),(336,'thưa',NULL,334,_binary '','2023-08-06 00:00:00'),(337,'đều',NULL,334,_binary '','2023-08-06 00:00:00'),(338,'liên múi',4,NULL,_binary '','2023-08-06 00:00:00'),(339,'R cối nhỏ P',4,NULL,_binary '','2023-08-06 00:00:00'),(340,'chen chúc',NULL,339,_binary '','2023-08-06 00:00:00'),(341,'thưa',NULL,339,_binary '','2023-08-06 00:00:00'),(342,'đều',NULL,339,_binary '','2023-08-06 00:00:00'),(343,'R cối lớn P',4,NULL,_binary '','2023-08-06 00:00:00'),(344,'chen chúc',NULL,343,_binary '','2023-08-06 00:00:00'),(345,'thưa',NULL,343,_binary '','2023-08-06 00:00:00'),(346,'đều',NULL,343,_binary '','2023-08-06 00:00:00'),(347,'C1',4,NULL,_binary '','2023-08-06 00:00:00'),(348,'1',NULL,347,_binary '','2023-08-06 00:00:00'),(349,'sâu',NULL,348,_binary '','2023-08-06 00:00:00'),(350,'thiếu',NULL,348,_binary '','2023-08-06 00:00:00'),(351,'sứ',NULL,348,_binary '','2023-08-06 00:00:00'),(352,'impl',NULL,348,_binary '','2023-08-06 00:00:00'),(353,'sữa',NULL,348,_binary '','2023-08-06 00:00:00'),(354,'vỡ',NULL,348,_binary '','2023-08-06 00:00:00'),(355,'mòn',NULL,348,_binary '','2023-08-06 00:00:00'),(356,'trám',NULL,348,_binary '','2023-08-06 00:00:00'),(357,'#',NULL,348,_binary '','2023-08-06 00:00:00'),(358,'2',NULL,347,_binary '','2023-08-06 00:00:00'),(359,'sâu',NULL,358,_binary '','2023-08-06 00:00:00'),(360,'thiếu',NULL,358,_binary '','2023-08-06 00:00:00'),(361,'sứ',NULL,358,_binary '','2023-08-06 00:00:00'),(362,'impl',NULL,358,_binary '','2023-08-06 00:00:00'),(363,'sữa',NULL,358,_binary '','2023-08-06 00:00:00'),(364,'vỡ',NULL,358,_binary '','2023-08-06 00:00:00'),(365,'mòn',NULL,358,_binary '','2023-08-06 00:00:00'),(366,'trám',NULL,358,_binary '','2023-08-06 00:00:00'),(367,'#',NULL,358,_binary '','2023-08-06 00:00:00'),(368,'3',NULL,347,_binary '','2023-08-06 00:00:00'),(369,'sâu',NULL,368,_binary '','2023-08-06 00:00:00'),(370,'thiếu',NULL,368,_binary '','2023-08-06 00:00:00'),(371,'sứ',NULL,368,_binary '','2023-08-06 00:00:00'),(372,'impl',NULL,368,_binary '','2023-08-06 00:00:00'),(373,'sữa',NULL,368,_binary '','2023-08-06 00:00:00'),(374,'vỡ',NULL,368,_binary '','2023-08-06 00:00:00'),(375,'mòn',NULL,368,_binary '','2023-08-06 00:00:00'),(376,'trám',NULL,368,_binary '','2023-08-06 00:00:00'),(377,'#',NULL,368,_binary '','2023-08-06 00:00:00'),(378,'4',NULL,347,_binary '','2023-08-06 00:00:00'),(379,'sâu',NULL,378,_binary '','2023-08-06 00:00:00'),(380,'thiếu',NULL,378,_binary '','2023-08-06 00:00:00'),(381,'sứ',NULL,378,_binary '','2023-08-06 00:00:00'),(382,'impl',NULL,378,_binary '','2023-08-06 00:00:00'),(383,'sữa',NULL,378,_binary '','2023-08-06 00:00:00'),(384,'vỡ',NULL,378,_binary '','2023-08-06 00:00:00'),(385,'mòn',NULL,378,_binary '','2023-08-06 00:00:00'),(386,'trám',NULL,378,_binary '','2023-08-06 00:00:00'),(387,'#',NULL,378,_binary '','2023-08-06 00:00:00'),(388,'5',NULL,347,_binary '','2023-08-06 00:00:00'),(389,'sâu',NULL,388,_binary '','2023-08-06 00:00:00'),(390,'thiếu',NULL,388,_binary '','2023-08-06 00:00:00'),(391,'sứ',NULL,388,_binary '','2023-08-06 00:00:00'),(392,'impl',NULL,388,_binary '','2023-08-06 00:00:00'),(393,'sữa',NULL,388,_binary '','2023-08-06 00:00:00'),(394,'vỡ',NULL,388,_binary '','2023-08-06 00:00:00'),(395,'mòn',NULL,388,_binary '','2023-08-06 00:00:00'),(396,'trám',NULL,388,_binary '','2023-08-06 00:00:00'),(397,'#',NULL,388,_binary '','2023-08-06 00:00:00'),(398,'6',NULL,347,_binary '','2023-08-06 00:00:00'),(399,'sâu',NULL,398,_binary '','2023-08-06 00:00:00'),(400,'thiếu',NULL,398,_binary '','2023-08-06 00:00:00'),(401,'sứ',NULL,398,_binary '','2023-08-06 00:00:00'),(402,'impl',NULL,398,_binary '','2023-08-06 00:00:00'),(403,'sữa',NULL,398,_binary '','2023-08-06 00:00:00'),(404,'vỡ',NULL,398,_binary '','2023-08-06 00:00:00'),(405,'mòn',NULL,398,_binary '','2023-08-06 00:00:00'),(406,'trám',NULL,398,_binary '','2023-08-06 00:00:00'),(407,'#',NULL,398,_binary '','2023-08-06 00:00:00'),(408,'7',NULL,347,_binary '','2023-08-06 00:00:00'),(409,'sâu',NULL,408,_binary '','2023-08-06 00:00:00'),(410,'thiếu',NULL,408,_binary '','2023-08-06 00:00:00'),(411,'sứ',NULL,408,_binary '','2023-08-06 00:00:00'),(412,'impl',NULL,408,_binary '','2023-08-06 00:00:00'),(413,'sữa',NULL,408,_binary '','2023-08-06 00:00:00'),(414,'vỡ',NULL,408,_binary '','2023-08-06 00:00:00'),(415,'mòn',NULL,408,_binary '','2023-08-06 00:00:00'),(416,'trám',NULL,408,_binary '','2023-08-06 00:00:00'),(417,'#',NULL,408,_binary '','2023-08-06 00:00:00'),(418,'8',NULL,347,_binary '','2023-08-06 00:00:00'),(419,'sâu',NULL,418,_binary '','2023-08-06 00:00:00'),(420,'thiếu',NULL,418,_binary '','2023-08-06 00:00:00'),(421,'sứ',NULL,418,_binary '','2023-08-06 00:00:00'),(422,'impl',NULL,418,_binary '','2023-08-06 00:00:00'),(423,'sữa',NULL,418,_binary '','2023-08-06 00:00:00'),(424,'vỡ',NULL,418,_binary '','2023-08-06 00:00:00'),(425,'mòn',NULL,418,_binary '','2023-08-06 00:00:00'),(426,'trám',NULL,418,_binary '','2023-08-06 00:00:00'),(427,'#',NULL,418,_binary '','2023-08-06 00:00:00'),(428,'C2',4,NULL,_binary '','2023-08-06 00:00:00'),(429,'1',NULL,428,_binary '','2023-08-06 00:00:00'),(430,'sâu',NULL,429,_binary '','2023-08-06 00:00:00'),(431,'thiếu',NULL,429,_binary '','2023-08-06 00:00:00'),(432,'sứ',NULL,429,_binary '','2023-08-06 00:00:00'),(433,'impl',NULL,429,_binary '','2023-08-06 00:00:00'),(434,'sữa',NULL,429,_binary '','2023-08-06 00:00:00'),(435,'vỡ',NULL,429,_binary '','2023-08-06 00:00:00'),(436,'mòn',NULL,429,_binary '','2023-08-06 00:00:00'),(437,'trám',NULL,429,_binary '','2023-08-06 00:00:00'),(438,'#',NULL,429,_binary '','2023-08-06 00:00:00'),(439,'2',NULL,428,_binary '','2023-08-06 00:00:00'),(440,'sâu',NULL,439,_binary '','2023-08-06 00:00:00'),(441,'thiếu',NULL,439,_binary '','2023-08-06 00:00:00'),(442,'sứ',NULL,439,_binary '','2023-08-06 00:00:00'),(443,'impl',NULL,439,_binary '','2023-08-06 00:00:00'),(444,'sữa',NULL,439,_binary '','2023-08-06 00:00:00'),(445,'vỡ',NULL,439,_binary '','2023-08-06 00:00:00'),(446,'mòn',NULL,439,_binary '','2023-08-06 00:00:00'),(447,'trám',NULL,439,_binary '','2023-08-06 00:00:00'),(448,'#',NULL,439,_binary '','2023-08-06 00:00:00'),(449,'3',NULL,428,_binary '','2023-08-06 00:00:00'),(450,'sâu',NULL,449,_binary '','2023-08-06 00:00:00'),(451,'thiếu',NULL,449,_binary '','2023-08-06 00:00:00'),(452,'sứ',NULL,449,_binary '','2023-08-06 00:00:00'),(453,'impl',NULL,449,_binary '','2023-08-06 00:00:00'),(454,'sữa',NULL,449,_binary '','2023-08-06 00:00:00'),(455,'vỡ',NULL,449,_binary '','2023-08-06 00:00:00'),(456,'mòn',NULL,449,_binary '','2023-08-06 00:00:00'),(457,'trám',NULL,449,_binary '','2023-08-06 00:00:00'),(458,'#',NULL,449,_binary '','2023-08-06 00:00:00'),(459,'4',NULL,428,_binary '','2023-08-06 00:00:00'),(460,'sâu',NULL,459,_binary '','2023-08-06 00:00:00'),(461,'thiếu',NULL,459,_binary '','2023-08-06 00:00:00'),(462,'sứ',NULL,459,_binary '','2023-08-06 00:00:00'),(463,'impl',NULL,459,_binary '','2023-08-06 00:00:00'),(464,'sữa',NULL,459,_binary '','2023-08-06 00:00:00'),(465,'vỡ',NULL,459,_binary '','2023-08-06 00:00:00'),(466,'mòn',NULL,459,_binary '','2023-08-06 00:00:00'),(467,'trám',NULL,459,_binary '','2023-08-06 00:00:00'),(468,'#',NULL,459,_binary '','2023-08-06 00:00:00'),(469,'5',NULL,428,_binary '','2023-08-06 00:00:00'),(470,'sâu',NULL,469,_binary '','2023-08-06 00:00:00'),(471,'thiếu',NULL,469,_binary '','2023-08-06 00:00:00'),(472,'sứ',NULL,469,_binary '','2023-08-06 00:00:00'),(473,'impl',NULL,469,_binary '','2023-08-06 00:00:00'),(474,'sữa',NULL,469,_binary '','2023-08-06 00:00:00'),(475,'vỡ',NULL,469,_binary '','2023-08-06 00:00:00'),(476,'mòn',NULL,469,_binary '','2023-08-06 00:00:00'),(477,'trám',NULL,469,_binary '','2023-08-06 00:00:00'),(478,'#',NULL,469,_binary '','2023-08-06 00:00:00'),(479,'6',NULL,428,_binary '','2023-08-06 00:00:00'),(480,'sâu',NULL,479,_binary '','2023-08-06 00:00:00'),(481,'thiếu',NULL,479,_binary '','2023-08-06 00:00:00'),(482,'sứ',NULL,479,_binary '','2023-08-06 00:00:00'),(483,'impl',NULL,479,_binary '','2023-08-06 00:00:00'),(484,'sữa',NULL,479,_binary '','2023-08-06 00:00:00'),(485,'vỡ',NULL,479,_binary '','2023-08-06 00:00:00'),(486,'mòn',NULL,479,_binary '','2023-08-06 00:00:00'),(487,'trám',NULL,479,_binary '','2023-08-06 00:00:00'),(488,'#',NULL,479,_binary '','2023-08-06 00:00:00'),(489,'7',NULL,428,_binary '','2023-08-06 00:00:00'),(490,'sâu',NULL,489,_binary '','2023-08-06 00:00:00'),(491,'thiếu',NULL,489,_binary '','2023-08-06 00:00:00'),(492,'sứ',NULL,489,_binary '','2023-08-06 00:00:00'),(493,'impl',NULL,489,_binary '','2023-08-06 00:00:00'),(494,'sữa',NULL,489,_binary '','2023-08-06 00:00:00'),(495,'vỡ',NULL,489,_binary '','2023-08-06 00:00:00'),(496,'mòn',NULL,489,_binary '','2023-08-06 00:00:00'),(497,'trám',NULL,489,_binary '','2023-08-06 00:00:00'),(498,'#',NULL,489,_binary '','2023-08-06 00:00:00'),(499,'8',NULL,428,_binary '','2023-08-06 00:00:00'),(500,'sâu',NULL,499,_binary '','2023-08-06 00:00:00'),(501,'thiếu',NULL,499,_binary '','2023-08-06 00:00:00'),(502,'sứ',NULL,499,_binary '','2023-08-06 00:00:00'),(503,'impl',NULL,499,_binary '','2023-08-06 00:00:00'),(504,'sữa',NULL,499,_binary '','2023-08-06 00:00:00'),(505,'vỡ',NULL,499,_binary '','2023-08-06 00:00:00'),(506,'mòn',NULL,499,_binary '','2023-08-06 00:00:00'),(507,'trám',NULL,499,_binary '','2023-08-06 00:00:00'),(508,'#',NULL,499,_binary '','2023-08-06 00:00:00'),(509,'dạng(hàm dưới)',5,NULL,_binary '','2023-08-06 00:00:00'),(510,'dạng oval',NULL,509,_binary '','2023-08-06 00:00:00'),(511,'dạng chữ V',NULL,509,_binary '','2023-08-06 00:00:00'),(512,'dạng vuông',NULL,509,_binary '','2023-08-06 00:00:00'),(513,'cân xứng(hàm trên)',5,NULL,_binary '','2023-08-06 00:00:00'),(514,'cân xứng',NULL,513,_binary '','2023-08-06 00:00:00'),(515,'bất cân xứng',NULL,513,_binary '','2023-08-06 00:00:00'),(516,'độ(rộng,hẹp)',5,NULL,_binary '','2023-08-06 00:00:00'),(517,'hẹp 2 bên',NULL,516,_binary '','2023-08-06 00:00:00'),(518,'hẹp bên trái',NULL,516,_binary '','2023-08-06 00:00:00'),(519,'hẹp bên phải',NULL,516,_binary '','2023-08-06 00:00:00'),(520,'rộng bên trái',NULL,516,_binary '','2023-08-06 00:00:00'),(521,'rộng bên phải',NULL,516,_binary '','2023-08-06 00:00:00'),(522,'kích thước tb',NULL,516,_binary '','2023-08-06 00:00:00'),(523,'bộ răng',5,NULL,_binary '','2023-08-06 00:00:00'),(524,'bộ răng vĩnh viễn',NULL,523,_binary '','2023-08-06 00:00:00'),(525,'bộ răng sữa',NULL,523,_binary '','2023-08-06 00:00:00'),(526,'bộ răng hỗn hợp',NULL,523,_binary '','2023-08-06 00:00:00'),(527,'răng cửa(hàm dưới)',5,NULL,_binary '','2023-08-06 00:00:00'),(528,'chen chúc',NULL,527,_binary '','2023-08-06 00:00:00'),(529,'thưa',NULL,527,_binary '','2023-08-06 00:00:00'),(530,'đều',NULL,527,_binary '','2023-08-06 00:00:00'),(531,'liên rãnh',5,NULL,_binary '','2023-08-06 00:00:00'),(532,'R cối nhỏ T',5,NULL,_binary '','2023-08-06 00:00:00'),(533,'chen chúc',NULL,532,_binary '','2023-08-06 00:00:00'),(534,'thưa',NULL,532,_binary '','2023-08-06 00:00:00'),(535,'đều',NULL,532,_binary '','2023-08-06 00:00:00'),(536,'R cối lớn T',5,NULL,_binary '','2023-08-06 00:00:00'),(537,'chen chúc',NULL,536,_binary '','2023-08-06 00:00:00'),(538,'thưa',NULL,536,_binary '','2023-08-06 00:00:00'),(539,'đều',NULL,536,_binary '','2023-08-06 00:00:00'),(540,'R cối nhỏ P',5,NULL,_binary '','2023-08-06 00:00:00'),(541,'chen chúc',NULL,540,_binary '','2023-08-06 00:00:00'),(542,'thưa',NULL,540,_binary '','2023-08-06 00:00:00'),(543,'đều',NULL,540,_binary '','2023-08-06 00:00:00'),(544,'R cối lớn P',5,NULL,_binary '','2023-08-06 00:00:00'),(545,'chen chúc',NULL,343,_binary '','2023-08-06 00:00:00'),(546,'thưa',NULL,545,_binary '','2023-08-06 00:00:00'),(547,'đều',NULL,545,_binary '','2023-08-06 00:00:00'),(548,'C3',5,NULL,_binary '','2023-08-06 00:00:00'),(549,'1',NULL,548,_binary '','2023-08-06 00:00:00'),(550,'sâu',NULL,549,_binary '','2023-08-06 00:00:00'),(551,'thiếu',NULL,549,_binary '','2023-08-06 00:00:00'),(552,'sứ',NULL,549,_binary '','2023-08-06 00:00:00'),(553,'impl',NULL,549,_binary '','2023-08-06 00:00:00'),(554,'sữa',NULL,549,_binary '','2023-08-06 00:00:00'),(555,'vỡ',NULL,549,_binary '','2023-08-06 00:00:00'),(556,'mòn',NULL,549,_binary '','2023-08-06 00:00:00'),(557,'trám',NULL,549,_binary '','2023-08-06 00:00:00'),(558,'#',NULL,549,_binary '','2023-08-06 00:00:00'),(559,'2',NULL,548,_binary '','2023-08-06 00:00:00'),(560,'sâu',NULL,559,_binary '','2023-08-06 00:00:00'),(561,'thiếu',NULL,559,_binary '','2023-08-06 00:00:00'),(562,'sứ',NULL,559,_binary '','2023-08-06 00:00:00'),(563,'impl',NULL,559,_binary '','2023-08-06 00:00:00'),(564,'sữa',NULL,559,_binary '','2023-08-06 00:00:00'),(565,'vỡ',NULL,559,_binary '','2023-08-06 00:00:00'),(566,'mòn',NULL,559,_binary '','2023-08-06 00:00:00'),(567,'trám',NULL,559,_binary '','2023-08-06 00:00:00'),(568,'#',NULL,559,_binary '','2023-08-06 00:00:00'),(569,'3',NULL,548,_binary '','2023-08-06 00:00:00'),(570,'sâu',NULL,569,_binary '','2023-08-06 00:00:00'),(571,'thiếu',NULL,569,_binary '','2023-08-06 00:00:00'),(572,'sứ',NULL,569,_binary '','2023-08-06 00:00:00'),(573,'impl',NULL,569,_binary '','2023-08-06 00:00:00'),(574,'sữa',NULL,569,_binary '','2023-08-06 00:00:00'),(575,'vỡ',NULL,569,_binary '','2023-08-06 00:00:00'),(576,'mòn',NULL,569,_binary '','2023-08-06 00:00:00'),(577,'trám',NULL,569,_binary '','2023-08-06 00:00:00'),(578,'#',NULL,569,_binary '','2023-08-06 00:00:00'),(579,'4',NULL,548,_binary '','2023-08-06 00:00:00'),(580,'sâu',NULL,579,_binary '','2023-08-06 00:00:00'),(581,'thiếu',NULL,579,_binary '','2023-08-06 00:00:00'),(582,'sứ',NULL,579,_binary '','2023-08-06 00:00:00'),(583,'impl',NULL,579,_binary '','2023-08-06 00:00:00'),(584,'sữa',NULL,579,_binary '','2023-08-06 00:00:00'),(585,'vỡ',NULL,579,_binary '','2023-08-06 00:00:00'),(586,'mòn',NULL,579,_binary '','2023-08-06 00:00:00'),(587,'trám',NULL,579,_binary '','2023-08-06 00:00:00'),(588,'#',NULL,579,_binary '','2023-08-06 00:00:00'),(589,'5',NULL,548,_binary '','2023-08-06 00:00:00'),(590,'sâu',NULL,589,_binary '','2023-08-06 00:00:00'),(591,'thiếu',NULL,589,_binary '','2023-08-06 00:00:00'),(592,'sứ',NULL,589,_binary '','2023-08-06 00:00:00'),(593,'impl',NULL,589,_binary '','2023-08-06 00:00:00'),(594,'sữa',NULL,589,_binary '','2023-08-06 00:00:00'),(595,'vỡ',NULL,589,_binary '','2023-08-06 00:00:00'),(596,'mòn',NULL,589,_binary '','2023-08-06 00:00:00'),(597,'trám',NULL,589,_binary '','2023-08-06 00:00:00'),(598,'#',NULL,589,_binary '','2023-08-06 00:00:00'),(599,'6',NULL,548,_binary '','2023-08-06 00:00:00'),(600,'sâu',NULL,599,_binary '','2023-08-06 00:00:00'),(601,'thiếu',NULL,599,_binary '','2023-08-06 00:00:00'),(602,'sứ',NULL,599,_binary '','2023-08-06 00:00:00'),(603,'impl',NULL,599,_binary '','2023-08-06 00:00:00'),(604,'sữa',NULL,599,_binary '','2023-08-06 00:00:00'),(605,'vỡ',NULL,599,_binary '','2023-08-06 00:00:00'),(606,'mòn',NULL,599,_binary '','2023-08-06 00:00:00'),(607,'trám',NULL,599,_binary '','2023-08-06 00:00:00'),(608,'#',NULL,599,_binary '','2023-08-06 00:00:00'),(609,'7',NULL,548,_binary '','2023-08-06 00:00:00'),(610,'sâu',NULL,609,_binary '','2023-08-06 00:00:00'),(611,'thiếu',NULL,609,_binary '','2023-08-06 00:00:00'),(612,'sứ',NULL,609,_binary '','2023-08-06 00:00:00'),(613,'impl',NULL,609,_binary '','2023-08-06 00:00:00'),(614,'sữa',NULL,609,_binary '','2023-08-06 00:00:00'),(615,'vỡ',NULL,609,_binary '','2023-08-06 00:00:00'),(616,'mòn',NULL,609,_binary '','2023-08-06 00:00:00'),(617,'trám',NULL,609,_binary '','2023-08-06 00:00:00'),(618,'#',NULL,609,_binary '','2023-08-06 00:00:00'),(619,'8',NULL,548,_binary '','2023-08-06 00:00:00'),(620,'sâu',NULL,619,_binary '','2023-08-06 00:00:00'),(621,'thiếu',NULL,619,_binary '','2023-08-06 00:00:00'),(622,'sứ',NULL,619,_binary '','2023-08-06 00:00:00'),(623,'impl',NULL,619,_binary '','2023-08-06 00:00:00'),(624,'sữa',NULL,619,_binary '','2023-08-06 00:00:00'),(625,'vỡ',NULL,619,_binary '','2023-08-06 00:00:00'),(626,'mòn',NULL,619,_binary '','2023-08-06 00:00:00'),(627,'trám',NULL,619,_binary '','2023-08-06 00:00:00'),(628,'#',NULL,619,_binary '','2023-08-06 00:00:00'),(629,'C4',5,NULL,_binary '','2023-08-06 00:00:00'),(630,'1',NULL,629,_binary '','2023-08-06 00:00:00'),(631,'sâu',NULL,629,_binary '','2023-08-06 00:00:00'),(632,'thiếu',NULL,629,_binary '','2023-08-06 00:00:00'),(633,'sứ',NULL,629,_binary '','2023-08-06 00:00:00'),(634,'impl',NULL,629,_binary '','2023-08-06 00:00:00'),(635,'sữa',NULL,629,_binary '','2023-08-06 00:00:00'),(636,'vỡ',NULL,629,_binary '','2023-08-06 00:00:00'),(637,'mòn',NULL,629,_binary '','2023-08-06 00:00:00'),(638,'trám',NULL,629,_binary '','2023-08-06 00:00:00'),(639,'#',NULL,629,_binary '','2023-08-06 00:00:00'),(640,'2',NULL,629,_binary '','2023-08-06 00:00:00'),(641,'sâu',NULL,640,_binary '','2023-08-06 00:00:00'),(642,'thiếu',NULL,640,_binary '','2023-08-06 00:00:00'),(643,'sứ',NULL,640,_binary '','2023-08-06 00:00:00'),(644,'impl',NULL,640,_binary '','2023-08-06 00:00:00'),(645,'sữa',NULL,640,_binary '','2023-08-06 00:00:00'),(646,'vỡ',NULL,640,_binary '','2023-08-06 00:00:00'),(647,'mòn',NULL,640,_binary '','2023-08-06 00:00:00'),(648,'trám',NULL,640,_binary '','2023-08-06 00:00:00'),(649,'#',NULL,640,_binary '','2023-08-06 00:00:00'),(650,'3',NULL,629,_binary '','2023-08-06 00:00:00'),(651,'sâu',NULL,650,_binary '','2023-08-06 00:00:00'),(652,'thiếu',NULL,650,_binary '','2023-08-06 00:00:00'),(653,'sứ',NULL,650,_binary '','2023-08-06 00:00:00'),(654,'impl',NULL,650,_binary '','2023-08-06 00:00:00'),(655,'sữa',NULL,650,_binary '','2023-08-06 00:00:00'),(656,'vỡ',NULL,650,_binary '','2023-08-06 00:00:00'),(657,'mòn',NULL,650,_binary '','2023-08-06 00:00:00'),(658,'trám',NULL,650,_binary '','2023-08-06 00:00:00'),(659,'#',NULL,650,_binary '','2023-08-06 00:00:00'),(660,'4',NULL,629,_binary '','2023-08-06 00:00:00'),(661,'sâu',NULL,660,_binary '','2023-08-06 00:00:00'),(662,'thiếu',NULL,660,_binary '','2023-08-06 00:00:00'),(663,'sứ',NULL,660,_binary '','2023-08-06 00:00:00'),(664,'impl',NULL,660,_binary '','2023-08-06 00:00:00'),(665,'sữa',NULL,660,_binary '','2023-08-06 00:00:00'),(666,'vỡ',NULL,660,_binary '','2023-08-06 00:00:00'),(667,'mòn',NULL,660,_binary '','2023-08-06 00:00:00'),(668,'trám',NULL,660,_binary '','2023-08-06 00:00:00'),(669,'#',NULL,660,_binary '','2023-08-06 00:00:00'),(670,'5',NULL,629,_binary '','2023-08-06 00:00:00'),(671,'sâu',NULL,670,_binary '','2023-08-06 00:00:00'),(672,'thiếu',NULL,670,_binary '','2023-08-06 00:00:00'),(673,'sứ',NULL,670,_binary '','2023-08-06 00:00:00'),(674,'impl',NULL,670,_binary '','2023-08-06 00:00:00'),(675,'sữa',NULL,670,_binary '','2023-08-06 00:00:00'),(676,'vỡ',NULL,670,_binary '','2023-08-06 00:00:00'),(677,'mòn',NULL,670,_binary '','2023-08-06 00:00:00'),(678,'trám',NULL,670,_binary '','2023-08-06 00:00:00'),(679,'#',NULL,670,_binary '','2023-08-06 00:00:00'),(680,'6',NULL,629,_binary '','2023-08-06 00:00:00'),(681,'sâu',NULL,680,_binary '','2023-08-06 00:00:00'),(682,'thiếu',NULL,680,_binary '','2023-08-06 00:00:00'),(683,'sứ',NULL,680,_binary '','2023-08-06 00:00:00'),(684,'impl',NULL,680,_binary '','2023-08-06 00:00:00'),(685,'sữa',NULL,680,_binary '','2023-08-06 00:00:00'),(686,'vỡ',NULL,680,_binary '','2023-08-06 00:00:00'),(687,'mòn',NULL,680,_binary '','2023-08-06 00:00:00'),(688,'trám',NULL,680,_binary '','2023-08-06 00:00:00'),(689,'#',NULL,680,_binary '','2023-08-06 00:00:00'),(690,'7',NULL,629,_binary '','2023-08-06 00:00:00'),(691,'sâu',NULL,690,_binary '','2023-08-06 00:00:00'),(692,'thiếu',NULL,690,_binary '','2023-08-06 00:00:00'),(693,'sứ',NULL,690,_binary '','2023-08-06 00:00:00'),(694,'impl',NULL,690,_binary '','2023-08-06 00:00:00'),(695,'sữa',NULL,690,_binary '','2023-08-06 00:00:00'),(696,'vỡ',NULL,690,_binary '','2023-08-06 00:00:00'),(697,'mòn',NULL,690,_binary '','2023-08-06 00:00:00'),(698,'trám',NULL,690,_binary '','2023-08-06 00:00:00'),(699,'#',NULL,690,_binary '','2023-08-06 00:00:00'),(700,'8',NULL,629,_binary '','2023-08-06 00:00:00'),(701,'sâu',NULL,700,_binary '','2023-08-06 00:00:00'),(702,'thiếu',NULL,700,_binary '','2023-08-06 00:00:00'),(703,'sứ',NULL,700,_binary '','2023-08-06 00:00:00'),(704,'impl',NULL,700,_binary '','2023-08-06 00:00:00'),(705,'sữa',NULL,700,_binary '','2023-08-06 00:00:00'),(706,'vỡ',NULL,700,_binary '','2023-08-06 00:00:00'),(707,'mòn',NULL,700,_binary '','2023-08-06 00:00:00'),(708,'trám',NULL,700,_binary '','2023-08-06 00:00:00'),(709,'#',NULL,700,_binary '','2023-08-06 00:00:00');
/*!40000 ALTER TABLE `information_detail` ENABLE KEYS */;
UNLOCK TABLES;

--
-- Table structure for table `information_header`
--

DROP TABLE IF EXISTS `information_header`;
/*!40101 SET @saved_cs_client     = @@character_set_client */;
/*!50503 SET character_set_client = utf8mb4 */;
CREATE TABLE `information_header` (
  `id` int NOT NULL AUTO_INCREMENT,
  `name` varchar(200) DEFAULT NULL,
  `status` bit(1) DEFAULT b'1',
  `created_at` datetime DEFAULT CURRENT_TIMESTAMP,
  PRIMARY KEY (`id`)
) ENGINE=InnoDB AUTO_INCREMENT=13 DEFAULT CHARSET=utf8mb4 COLLATE=utf8mb4_0900_ai_ci;
/*!40101 SET character_set_client = @saved_cs_client */;

--
-- Dumping data for table `information_header`
--

LOCK TABLES `information_header` WRITE;
/*!40000 ALTER TABLE `information_header` DISABLE KEYS */;
INSERT INTO `information_header` VALUES (1,'Tiền sử',_binary '','2023-08-06 00:00:00'),(2,'Thói quen xấu',_binary '','2023-08-06 00:00:00'),(3,'Than phiền',_binary '','2023-08-06 00:00:00'),(4,'Hàm trên',_binary '','2023-08-06 00:00:00'),(5,'Hàm dưới',_binary '','2023-08-06 00:00:00'),(6,'Nụ cười',_binary '','2023-08-06 00:00:00'),(7,'Môi',_binary '','2023-08-06 00:00:00'),(8,'Cằm',_binary '','2023-08-06 00:00:00'),(9,'Răng',_binary '','2023-08-06 00:00:00'),(10,'Nha chu',_binary '','2023-08-06 00:00:00'),(11,'Mặt\nthẳng',_binary '','2023-08-06 00:00:00'),(12,'Mặt nghiêng',_binary '','2023-08-06 00:00:00');
/*!40000 ALTER TABLE `information_header` ENABLE KEYS */;
UNLOCK TABLES;

--
-- Table structure for table `medical`
--

DROP TABLE IF EXISTS `medical`;
/*!40101 SET @saved_cs_client     = @@character_set_client */;
/*!50503 SET character_set_client = utf8mb4 */;
CREATE TABLE `medical` (
  `id` int NOT NULL AUTO_INCREMENT,
  `patient_id` int DEFAULT NULL,
  `name_doctor` varchar(100) DEFAULT NULL,
  `date_of_installation` datetime DEFAULT NULL,
  `date_of_brackets` datetime DEFAULT NULL,
  `target_note` varchar(200) DEFAULT NULL,
  `preoperative` varchar(200) DEFAULT NULL,
  `appointment` datetime DEFAULT NULL,
  `status` bit(1) DEFAULT b'1',
  `created_at` datetime DEFAULT CURRENT_TIMESTAMP,
  PRIMARY KEY (`id`),
  KEY `patient_id` (`patient_id`),
  CONSTRAINT `medical_ibfk_1` FOREIGN KEY (`patient_id`) REFERENCES `patient` (`id`)
) ENGINE=InnoDB DEFAULT CHARSET=utf8mb4 COLLATE=utf8mb4_0900_ai_ci;
/*!40101 SET character_set_client = @saved_cs_client */;

--
-- Dumping data for table `medical`
--

LOCK TABLES `medical` WRITE;
/*!40000 ALTER TABLE `medical` DISABLE KEYS */;
INSERT INTO `medical` VALUES (1,1,'Nguyễn Công Thành','2023-08-06 00:00:00','2023-08-06 00:00:00','không','không','2023-08-06 00:00:00',_binary '','2023-08-06 00:00:00'),(2,2,'Nguyễn Văn Linh','2023-08-05 00:00:00','2023-08-06 00:00:00','không','không','2023-08-06 00:00:00',_binary '','2023-08-05 00:00:00'),(3,3,'Lý Toàn Hưởng','2023-08-02 00:00:00','2023-08-02 00:00:00','không','không','2023-08-02 00:00:00',_binary '','2023-08-02 00:00:00');
/*!40000 ALTER TABLE `medical` ENABLE KEYS */;
UNLOCK TABLES;

--
-- Table structure for table `patient`
--

DROP TABLE IF EXISTS `patient`;
/*!40101 SET @saved_cs_client     = @@character_set_client */;
/*!50503 SET character_set_client = utf8mb4 */;
CREATE TABLE `patient` (
  `id` int NOT NULL AUTO_INCREMENT,
  `date_examination` datetime(6) DEFAULT NULL,
  `gender` bit(1) DEFAULT NULL,
  `name_patient` varchar(255) DEFAULT NULL,
  `year_birthday` int DEFAULT NULL,
  `phone` varchar(255) DEFAULT NULL,
  `input_data_by` varchar(255) DEFAULT NULL,
  `input_data_invi` varchar(255) DEFAULT NULL,
  `analysis_of_customer` varchar(255) DEFAULT NULL,
  `confirm_of_customer` varchar(255) DEFAULT NULL,
  `address` varchar(255) DEFAULT NULL,
  `status_patient` varchar(255) DEFAULT NULL,
  `status` varchar(255) DEFAULT NULL,
  `created_at` datetime(6) DEFAULT NULL,
  `updated_at` datetime(6) DEFAULT NULL,
  PRIMARY KEY (`id`)
) ENGINE=InnoDB AUTO_INCREMENT=22 DEFAULT CHARSET=utf8mb4 COLLATE=utf8mb4_0900_ai_ci;
/*!40101 SET character_set_client = @saved_cs_client */;

--
-- Dumping data for table `patient`
--

LOCK TABLES `patient` WRITE;
/*!40000 ALTER TABLE `patient` DISABLE KEYS */;
INSERT INTO `patient` VALUES (1,'2023-06-12 00:00:00.000000',_binary '\0','vũ thị phương thảo',1900,'03123456799','nam(thúy b2)','null','null','hương','ha noi','khcn 31','1','2023-08-06 00:00:00.000000','2023-06-26 14:30:25.657000'),(2,'2023-06-12 00:00:00.000000',_binary '\0','Nguyen Thanh Hoang 1',1900,'0312345679','nam(thúy b2)','null','null','hương','ha noi','khcn 31',NULL,'2023-08-06 00:00:00.000000','2023-06-27 14:40:02.377000'),(3,'2023-06-08 00:00:00.000000',_binary '','đoàn nguyên hoàng',1990,'097452689','nam(thúy b)',NULL,NULL,'hương','Hà nội','khcn','1','2023-08-06 00:00:00.000000',NULL),(4,'2023-08-05 00:00:00.000000',_binary '','Hoaa',1990,'0388888888','nam(thúy b2)','null','null','hương','Hà nội 2','khcn 31','1','2023-08-05 00:00:00.000000',NULL),(12,'2023-08-05 00:00:00.000000',_binary '','fgdfh',1990,'0388888888','nam(thúy b2)','null','null','hương','Hà nội 2','khcn 31','1','2023-08-05 00:00:00.000000',NULL),(13,'2023-06-12 00:00:00.000000',_binary '','hoa hong',1900,'0312345679','nam(thúy b2)','null','null','hương','ha noi','khcn 31','1','2023-08-05 00:00:00.000000',NULL),(14,'2023-06-12 00:00:00.000000',_binary '','hhojoj',1900,'0312345678','nam(thúy b2)','null','null','hương','ha noi','khcn 31','1',NULL,'2023-06-19 13:47:32.753000'),(15,'2023-06-07 00:00:00.000000',_binary '','ho',1900,'87','nam(thúy b2)','null','null','hương','Hà nội 2','khcn 31','1','2023-08-05 00:00:00.000000','2023-06-07 00:00:00.000000'),(16,'2023-06-07 00:00:00.000000',_binary '','ho',1900,'87','nam(thúy b2)','null','null','hương','Hà nội 2','khcn 31','1','2023-08-05 00:00:00.000000','2023-06-07 00:00:00.000000'),(17,'2023-06-12 00:00:00.000000',_binary '','hhojoj',1900,'0312345678','nam(thúy b2)','null','null','hương','ha noi','khcn 31','1',NULL,NULL),(18,'2023-06-12 00:00:00.000000',_binary '','hoa hong',1900,'0312345678','nam(thúy b2)','null','null','hương','ha noi','khcn 31','1','2023-06-19 13:48:49.261000',NULL),(19,'2023-06-12 00:00:00.000000',_binary '','hoa hong',1900,'0312345679','nam(thúy b2)','null','null','hương','ha noi','khcn 31','0','2023-06-19 13:54:00.991000',NULL),(20,'2023-06-12 00:00:00.000000',_binary '','hoa hong',1900,'0312345679','nam(thúy b2)','null','null','hương','ha noi','khcn 31','0','2023-06-19 16:24:45.090000',NULL),(21,'2023-06-12 00:00:00.000000',_binary '\0','Nguyen Thanh Hai',1900,'0312345679','nam(thúy b2)','null','null','hương','ha noi','khcn 31','1','2023-06-27 14:18:43.901000',NULL);
/*!40000 ALTER TABLE `patient` ENABLE KEYS */;
UNLOCK TABLES;

--
-- Table structure for table `statistics`
--

DROP TABLE IF EXISTS `statistics`;
/*!40101 SET @saved_cs_client     = @@character_set_client */;
/*!50503 SET character_set_client = utf8mb4 */;
CREATE TABLE `statistics` (
  `id` int NOT NULL AUTO_INCREMENT,
  `id_medical` int DEFAULT NULL,
  `id_detail` int DEFAULT NULL,
  `type` text,
  `value` varchar(50) DEFAULT NULL,
  `unit` varchar(50) DEFAULT NULL,
  `status` bit(1) DEFAULT b'1',
  `created_at` datetime DEFAULT CURRENT_TIMESTAMP,
  PRIMARY KEY (`id`),
  KEY `id_detail` (`id_detail`),
  KEY `id_medical` (`id_medical`),
  CONSTRAINT `statistics_ibfk_1` FOREIGN KEY (`id_detail`) REFERENCES `information_detail` (`id`),
  CONSTRAINT `statistics_ibfk_2` FOREIGN KEY (`id_medical`) REFERENCES `medical` (`id`)
) ENGINE=InnoDB AUTO_INCREMENT=135 DEFAULT CHARSET=utf8mb4 COLLATE=utf8mb4_0900_ai_ci;
/*!40101 SET character_set_client = @saved_cs_client */;

--
-- Dumping data for table `statistics`
--

LOCK TABLES `statistics` WRITE;
/*!40000 ALTER TABLE `statistics` DISABLE KEYS */;
INSERT INTO `statistics` VALUES (1,1,2,NULL,NULL,NULL,_binary '','2023-08-06 00:00:00'),(2,1,5,NULL,NULL,NULL,_binary '','2023-08-06 00:00:00'),(3,1,8,NULL,NULL,NULL,_binary '','2023-08-06 00:00:00'),(4,1,12,NULL,NULL,NULL,_binary '','2023-08-06 00:00:00'),(5,1,15,NULL,NULL,NULL,_binary '','2023-08-06 00:00:00'),(6,1,17,NULL,NULL,NULL,_binary '','2023-08-06 00:00:00'),(8,1,21,NULL,NULL,NULL,_binary '','2023-08-06 00:00:00'),(9,1,23,NULL,NULL,NULL,_binary '','2023-08-06 00:00:00'),(10,1,27,NULL,NULL,NULL,_binary '','2023-08-06 00:00:00'),(11,1,29,NULL,NULL,NULL,_binary '','2023-08-06 00:00:00'),(12,1,33,NULL,NULL,NULL,_binary '','2023-08-06 00:00:00'),(13,1,35,NULL,NULL,NULL,_binary '','2023-08-06 00:00:00'),(14,1,39,NULL,NULL,NULL,_binary '','2023-08-06 00:00:00'),(15,1,44,NULL,NULL,NULL,_binary '','2023-08-06 00:00:00'),(16,1,47,NULL,NULL,NULL,_binary '','2023-08-06 00:00:00'),(17,1,52,NULL,NULL,NULL,_binary '','2023-08-06 00:00:00'),(18,1,56,NULL,NULL,NULL,_binary '','2023-08-06 00:00:00'),(19,1,62,NULL,NULL,NULL,_binary '','2023-08-06 00:00:00'),(20,1,67,NULL,NULL,NULL,_binary '','2023-08-06 00:00:00'),(21,1,71,NULL,NULL,NULL,_binary '','2023-08-06 00:00:00'),(22,1,74,NULL,NULL,NULL,_binary '','2023-08-06 00:00:00'),(23,1,76,NULL,NULL,NULL,_binary '','2023-08-06 00:00:00'),(24,1,80,NULL,NULL,NULL,_binary '','2023-08-06 00:00:00'),(25,1,83,NULL,NULL,NULL,_binary '','2023-08-06 00:00:00'),(26,1,87,NULL,NULL,NULL,_binary '','2023-08-06 00:00:00'),(27,1,90,NULL,NULL,NULL,_binary '','2023-08-06 00:00:00'),(28,1,94,NULL,NULL,NULL,_binary '','2023-08-06 00:00:00'),(29,1,97,NULL,NULL,NULL,_binary '','2023-08-06 00:00:00'),(30,1,100,NULL,NULL,NULL,_binary '','2023-08-06 00:00:00'),(31,1,105,NULL,NULL,NULL,_binary '','2023-08-06 00:00:00'),(32,1,108,NULL,NULL,NULL,_binary '','2023-08-06 00:00:00'),(33,1,112,NULL,NULL,NULL,_binary '','2023-08-06 00:00:00'),(34,1,117,NULL,NULL,NULL,_binary '','2023-08-06 00:00:00'),(35,1,120,NULL,NULL,NULL,_binary '','2023-08-06 00:00:00'),(36,1,125,NULL,NULL,NULL,_binary '','2023-08-06 00:00:00'),(37,1,128,NULL,NULL,NULL,_binary '','2023-08-06 00:00:00'),(38,1,134,NULL,NULL,NULL,_binary '','2023-08-06 00:00:00'),(39,1,137,NULL,NULL,NULL,_binary '','2023-08-06 00:00:00'),(40,1,142,NULL,NULL,NULL,_binary '','2023-08-06 00:00:00'),(41,1,144,NULL,NULL,NULL,_binary '','2023-08-06 00:00:00'),(42,1,151,NULL,NULL,NULL,_binary '','2023-08-06 00:00:00'),(43,1,154,NULL,NULL,NULL,_binary '','2023-08-06 00:00:00'),(44,1,160,NULL,NULL,NULL,_binary '','2023-08-06 00:00:00'),(45,1,165,NULL,NULL,NULL,_binary '','2023-08-06 00:00:00'),(46,1,168,NULL,NULL,NULL,_binary '','2023-08-06 00:00:00'),(47,1,171,NULL,NULL,NULL,_binary '','2023-08-06 00:00:00'),(48,1,174,NULL,NULL,NULL,_binary '','2023-08-06 00:00:00'),(49,1,181,NULL,NULL,NULL,_binary '','2023-08-06 00:00:00'),(50,1,186,NULL,NULL,NULL,_binary '','2023-08-06 00:00:00'),(51,1,192,NULL,NULL,NULL,_binary '','2023-08-06 00:00:00'),(52,1,195,NULL,NULL,NULL,_binary '','2023-08-06 00:00:00'),(53,1,198,NULL,NULL,NULL,_binary '','2023-08-06 00:00:00'),(54,1,204,NULL,NULL,NULL,_binary '','2023-08-06 00:00:00'),(55,1,207,NULL,NULL,NULL,_binary '','2023-08-06 00:00:00'),(56,1,210,NULL,NULL,NULL,_binary '','2023-08-06 00:00:00'),(57,1,215,NULL,NULL,NULL,_binary '','2023-08-06 00:00:00'),(58,1,220,NULL,NULL,NULL,_binary '','2023-08-06 00:00:00'),(59,1,223,NULL,NULL,NULL,_binary '','2023-08-06 00:00:00'),(60,1,228,NULL,NULL,NULL,_binary '','2023-08-06 00:00:00'),(61,1,230,NULL,NULL,NULL,_binary '','2023-08-06 00:00:00'),(62,1,236,NULL,NULL,NULL,_binary '','2023-08-06 00:00:00'),(63,1,238,NULL,NULL,NULL,_binary '','2023-08-06 00:00:00'),(64,1,243,NULL,NULL,NULL,_binary '','2023-08-06 00:00:00'),(65,1,247,NULL,NULL,NULL,_binary '','2023-08-06 00:00:00'),(66,1,249,NULL,NULL,NULL,_binary '','2023-08-06 00:00:00'),(67,1,252,NULL,NULL,NULL,_binary '','2023-08-06 00:00:00'),(68,1,255,NULL,NULL,NULL,_binary '','2023-08-06 00:00:00'),(69,1,258,NULL,NULL,NULL,_binary '','2023-08-06 00:00:00'),(70,1,260,NULL,NULL,NULL,_binary '','2023-08-06 00:00:00'),(71,1,263,NULL,NULL,NULL,_binary '','2023-08-06 00:00:00'),(72,1,266,NULL,NULL,NULL,_binary '','2023-08-06 00:00:00'),(73,1,272,NULL,NULL,NULL,_binary '','2023-08-06 00:00:00'),(74,1,275,NULL,NULL,NULL,_binary '','2023-08-06 00:00:00'),(75,1,280,NULL,NULL,NULL,_binary '','2023-08-06 00:00:00'),(76,1,285,NULL,NULL,NULL,_binary '','2023-08-06 00:00:00'),(77,1,294,NULL,NULL,NULL,_binary '','2023-08-06 00:00:00'),(78,1,300,NULL,NULL,NULL,_binary '','2023-08-06 00:00:00'),(79,1,302,NULL,NULL,NULL,_binary '','2023-08-06 00:00:00'),(80,1,313,NULL,NULL,NULL,_binary '','2023-08-06 00:00:00'),(81,1,324,NULL,NULL,NULL,_binary '','2023-08-06 00:00:00'),(82,1,327,NULL,NULL,NULL,_binary '','2023-08-06 00:00:00'),(83,1,332,NULL,NULL,NULL,_binary '','2023-08-06 00:00:00'),(84,1,337,NULL,NULL,NULL,_binary '','2023-08-06 00:00:00'),(85,1,341,NULL,NULL,NULL,_binary '','2023-08-06 00:00:00'),(86,1,346,NULL,NULL,NULL,_binary '','2023-08-06 00:00:00'),(87,1,350,NULL,NULL,NULL,_binary '','2023-08-06 00:00:00'),(88,1,360,NULL,NULL,NULL,_binary '','2023-08-06 00:00:00'),(89,1,369,NULL,NULL,NULL,_binary '','2023-08-06 00:00:00'),(90,1,381,NULL,NULL,NULL,_binary '','2023-08-06 00:00:00'),(91,1,391,NULL,NULL,NULL,_binary '','2023-08-06 00:00:00'),(92,1,402,NULL,NULL,NULL,_binary '','2023-08-06 00:00:00'),(93,1,412,NULL,NULL,NULL,_binary '','2023-08-06 00:00:00'),(94,1,424,NULL,NULL,NULL,_binary '','2023-08-06 00:00:00'),(95,1,431,NULL,NULL,NULL,_binary '','2023-08-06 00:00:00'),(96,1,442,NULL,NULL,NULL,_binary '','2023-08-06 00:00:00'),(97,1,456,NULL,NULL,NULL,_binary '','2023-08-06 00:00:00'),(98,1,467,NULL,NULL,NULL,_binary '','2023-08-06 00:00:00'),(99,1,474,NULL,NULL,NULL,_binary '','2023-08-06 00:00:00'),(100,1,486,NULL,NULL,NULL,_binary '','2023-08-06 00:00:00'),(101,1,492,NULL,NULL,NULL,_binary '','2023-08-06 00:00:00'),(102,1,508,NULL,NULL,NULL,_binary '','2023-08-06 00:00:00'),(103,1,511,NULL,NULL,NULL,_binary '','2023-08-06 00:00:00'),(104,1,515,NULL,NULL,NULL,_binary '','2023-08-06 00:00:00'),(105,1,519,NULL,NULL,NULL,_binary '','2023-08-06 00:00:00'),(106,1,526,NULL,NULL,NULL,_binary '','2023-08-06 00:00:00'),(107,1,530,NULL,NULL,NULL,_binary '','2023-08-06 00:00:00'),(108,1,534,NULL,NULL,NULL,_binary '','2023-08-06 00:00:00'),(109,1,539,NULL,NULL,NULL,_binary '','2023-08-06 00:00:00'),(110,1,541,NULL,NULL,NULL,_binary '','2023-08-06 00:00:00'),(111,1,546,NULL,NULL,NULL,_binary '','2023-08-06 00:00:00'),(112,1,553,NULL,NULL,NULL,_binary '','2023-08-06 00:00:00'),(113,1,563,NULL,NULL,NULL,_binary '','2023-08-06 00:00:00'),(114,1,570,NULL,NULL,NULL,_binary '','2023-08-06 00:00:00'),(115,1,585,NULL,NULL,NULL,_binary '','2023-08-06 00:00:00'),(116,1,596,NULL,NULL,NULL,_binary '','2023-08-06 00:00:00'),(117,1,602,NULL,NULL,NULL,_binary '','2023-08-06 00:00:00'),(118,1,618,NULL,NULL,NULL,_binary '','2023-08-06 00:00:00'),(119,1,624,NULL,NULL,NULL,_binary '','2023-08-06 00:00:00'),(120,1,632,NULL,NULL,NULL,_binary '','2023-08-06 00:00:00'),(121,1,642,NULL,NULL,NULL,_binary '','2023-08-06 00:00:00'),(122,1,653,NULL,NULL,NULL,_binary '','2023-08-06 00:00:00'),(123,1,665,NULL,NULL,NULL,_binary '','2023-08-06 00:00:00'),(124,1,673,NULL,NULL,NULL,_binary '','2023-08-06 00:00:00'),(125,1,684,NULL,NULL,NULL,_binary '','2023-08-06 00:00:00'),(126,1,691,NULL,NULL,NULL,_binary '','2023-08-06 00:00:00'),(127,1,709,NULL,NULL,NULL,_binary '','2023-08-06 00:00:00'),(128,1,37,'text','không',NULL,_binary '','2023-08-06 00:00:00'),(129,1,65,'text','đau răng',NULL,_binary '','2023-08-06 00:00:00'),(130,1,158,'integer','2','mm',_binary '','2023-08-06 00:00:00'),(131,1,311,'text','hàm trên',NULL,_binary '','2023-08-06 00:00:00'),(132,1,257,'integer','1','mm',_binary '','2023-08-06 00:00:00'),(133,1,338,'float','49.8',NULL,_binary '','2023-08-06 00:00:00'),(134,1,531,'float','46.4',NULL,_binary '','2023-08-06 00:00:00');
/*!40000 ALTER TABLE `statistics` ENABLE KEYS */;
UNLOCK TABLES;
/*!40103 SET TIME_ZONE=@OLD_TIME_ZONE */;

/*!40101 SET SQL_MODE=@OLD_SQL_MODE */;
/*!40014 SET FOREIGN_KEY_CHECKS=@OLD_FOREIGN_KEY_CHECKS */;
/*!40014 SET UNIQUE_CHECKS=@OLD_UNIQUE_CHECKS */;
/*!40101 SET CHARACTER_SET_CLIENT=@OLD_CHARACTER_SET_CLIENT */;
/*!40101 SET CHARACTER_SET_RESULTS=@OLD_CHARACTER_SET_RESULTS */;
/*!40101 SET COLLATION_CONNECTION=@OLD_COLLATION_CONNECTION */;
/*!40111 SET SQL_NOTES=@OLD_SQL_NOTES */;

-- Dump completed on 2023-06-28 11:33:49
